intervention_group,cvd_rate,adherence
control,0.33652981720107883,60.6216884493112
treatment a,0.319482083709726,60.210173083716
treatment b,0.3336325553560742,61.009404388714735
