,age,age,age,age,age,age,age,age,bmi,bmi,bmi,bmi,bmi,bmi,bmi,bmi,systolic_bp,systolic_bp,systolic_bp,systolic_bp,systolic_bp,systolic_bp,systolic_bp,systolic_bp,diastolic_bp,diastolic_bp,diastolic_bp,diastolic_bp,diastolic_bp,diastolic_bp,diastolic_bp,diastolic_bp
,count,mean,std,min,25%,50%,75%,max,count,mean,std,min,25%,50%,75%,max,count,mean,std,min,25%,50%,75%,max,count,mean,std,min,25%,50%,75%,max
site,,,,,,,,,,,,,,,,,,,,,,,,,,,,,,,,
SITE A,2956.0,56.36400541271989,162.53629174871477,-999.0,70.0,81.0,93.0,100.0,2873.0,25.875182735816217,4.983101685960927,-1.0,23.6,26.1,28.8,42.5,2848.0,117.35428370786516,14.1093318313572,79.0,108.0,117.0,127.0,173.0,2848.0,73.5495084269663,10.052566777192,60.0,65.0,73.0,80.0,111.0
SITE B,2453.0,62.40195678760701,139.05017999752454,-999.0,69.0,80.0,92.0,100.0,2350.0,25.70668085106383,5.017423245038685,-1.0,23.5,26.0,28.5,39.0,2357.0,117.13067458633857,13.532200047556312,81.0,107.0,117.0,127.0,170.0,2357.0,73.31014000848536,10.074094929452565,60.0,65.0,73.0,80.0,118.0
SITE C,2073.0,57.31210805595755,157.9418681640633,-999.0,70.0,80.0,91.0,100.0,1968.0,25.789583333333333,5.417217109283797,-1.0,23.5,26.1,28.9,42.8,1987.0,117.97835933568193,13.974009637291617,77.0,109.0,118.0,127.0,167.0,1987.0,73.67639657775541,10.25424341705137,60.0,65.0,73.0,81.0,111.0
SITE D,1501.0,63.49100599600266,136.140058098467,-999.0,70.0,80.0,92.0,100.0,1422.0,25.565682137834038,5.881318919824262,-1.0,23.5,26.2,28.8,41.3,1420.0,117.94366197183099,13.906298048390665,75.0,109.0,118.0,127.0,165.0,1420.0,73.63943661971831,10.154736292387517,60.0,65.0,73.0,81.0,109.0
SITE E,1017.0,57.064896755162245,157.69764413385593,-999.0,69.0,80.0,92.0,100.0,949.0,25.476501580611167,6.0845316418681,-1.0,23.5,26.0,28.8,38.7,974.0,117.50308008213553,14.69650106787255,79.0,107.0,117.0,127.0,167.0,974.0,73.75256673511294,10.569369956513917,60.0,65.0,73.0,81.0,114.0
